5c995896ec223ef48fc670f2,5c9958f5ba93caf49fe1889b
5c9958f5ba93caf49fe1889c,5c9958192e31bdf4758bc975
5c9958c4955057f4978a42f2,5c9958f5ba93caf49fe1889b
5c995896ec223ef48fc670f2,5c99599d18f04ef4bc4e6b67
5c99599d18f04ef4bc4e6b63,5c99599d18f04ef4bc4e6b65
5c9958f5ba93caf49fe1889a,5bedf3b9c14d7822b39d9d45
5c99599d18f04ef4bc4e6b64,5c995896ec223ef48fc670f0,5c99599d18f04ef4bc4e6b66
5bedf31cc14d7822b39d9d43,5c9958f5ba93caf49fe1889b,5c9958f5ba93caf49fe1889c
5bedf7ecc14d7822b39d9d55,5c995921303c4bf4aa9d1e3b,5c99599d18f04ef4bc4e6b5c
5bedf5eec14d7822b39d9d4e,5c99599d18f04ef4bc4e6b5a
5c99599d18f04ef4bc4e6b54,5c99599d18f04ef4bc4e6b58,5c99599d18f04ef4bc4e6b5c
5c99599d18f04ef4bc4e6b53,5bedf720c14d7822b39d9d52
